<?xml version="1.0" encoding="UTF-8"?>

<!-- 作者：黄宇健 -->
<configuration debug="true">
	<!--定义日志文件的存储地址 勿在 LogBack 的配置中使用相对路径 -->
	<property name="LOG_HOME" value="/logback/boot-redis/" />
	
	<!-- 控制台输出 -->
	<appender name="STDOUT" class="ch.qos.logback.core.ConsoleAppender">
		<encoder class="ch.qos.logback.classic.encoder.PatternLayoutEncoder">
			<!--格式化输出：%d表示日期，%thread表示线程名，%-5level：级别从左显示5个字符宽度%msg：日志消息，%n是换行符 -->
			<pattern>%d{yyyy-MM-dd HH:mm:ss.SSS} [%thread] %-5level %logger{50} [%line] %msg%n</pattern>   
		</encoder>
	</appender>
	
	<logger name="com.ibatis" level="DEBUG" />  
	<logger name="com.ibatis.common.jdbc.SimpleDataSource" level="DEBUG" />  
	<logger name="com.ibatis.common.jdbc.ScriptRunner" level="DEBUG" />  
	<logger name="com.ibatis.sqlmap.engine.impl.SqlMapClientDelegate" level="DEBUG" />  
	<logger name="java.sql.Connection" level="DEBUG" />  
	<logger name="java.sql.Statement" level="DEBUG" />  
	<logger name="java.sql.PreparedStatement" level="DEBUG" />

	<!-- 日志输出级别 -->
	<root level="DEBUG">
		<appender-ref ref="STDOUT" />
	</root>
</configuration>